{
  "markerDatas": [
    {
      "id": "454a23eb-e701-407d-b322-9278be5bb551",
      "name": "10101",
      "dropItemID": 10101,
      "acquireStep": 1,
      "removeStep": 9,
      "position": {
        "x": -2.0629730224609377,
        "y": 1.09720778465271,
        "z": -1.02304208278656
      },
      "rotation": {
        "x": 0.44823169708251955,
        "y": -0.5356360077857971,
        "z": -0.5403503775596619,
        "w": 0.46925902366638186
      },
      "markerSpawnType": 0,
      "markerType": 0
    },
    {
      "id": "fe3ef9fe-8aba-4d49-b631-aea5b0afa59e",
      "name": "10101",
      "dropItemID": 1,
      "acquireStep": 1,
      "removeStep": 99,
      "position": {
        "x": -0.6106082797050476,
        "y": 3.1947731971740724,
        "z": -0.27040719985961916
      },
      "rotation": {
        "x": 0.47872811555862429,
        "y": -0.50760418176651,
        "z": -0.5135265588760376,
        "w": 0.49944770336151125
      },
      "markerSpawnType": 0,
      "markerType": 0
    },
    {
      "id": "ff16de30-15e1-41f3-9ee7-0d5e42a723c1",
      "name": "10102",
      "dropItemID": 2,
      "acquireStep": 1,
      "removeStep": 99,
      "position": {
        "x": 2.4888408184051515,
        "y": 1.519904613494873,
        "z": -0.3859410285949707
      },
      "rotation": {
        "x": 0.5767952799797058,
        "y": 0.42160075902938845,
        "z": 0.4002465307712555,
        "w": 0.5739012956619263
      },
      "markerSpawnType": 1,
      "markerType": 3
    }
  ]
}