{
  "markerDatas": [
    {
      "id": "05dcdd01-ca24-4f5c-9df8-11e05447b500",
      "prefabID": 10001,
      "dropItemID": 1,
      "acquireStep": 4,
      "removeStep": 5,
      "position": {
        "x": 1.5450844764709473,
        "y": 0.6347116231918335,
        "z": -0.21140837669372559
      },
      "rotation": {
        "x": 0.6965981721878052,
        "y": 0.11615964770317078,
        "z": 0.1040472686290741,
        "w": 0.7003086805343628
      },
      "scale": {
        "x": 0.05000000074505806,
        "y": 0.10000000149011612,
        "z": 0.05000000074505806
      },
      "markerSpawnType": 0,
      "markerType": 0
    },
    {
      "id": "48c25092-20dd-4f2b-bc8f-69729511b64f",
      "prefabID": 10002,
      "dropItemID": 3,
      "acquireStep": 3,
      "removeStep": 5,
      "position": {
        "x": 2.498459815979004,
        "y": 0.6208743453025818,
        "z": -0.22217583656311036
      },
      "rotation": {
        "x": 0.638704776763916,
        "y": 0.30953580141067507,
        "z": 0.29686856269836428,
        "w": 0.6388370990753174
      },
      "scale": {
        "x": 0.12999999523162843,
        "y": 0.17999999225139619,
        "z": 0.12999999523162843
      },
      "markerSpawnType": 0,
      "markerType": 0
    },
    {
      "id": "122f83c7-80bb-4de1-93cb-d6d7129403b5",
      "prefabID": 10006,
      "dropItemID": 1,
      "acquireStep": 6,
      "removeStep": 5,
      "position": {
        "x": -0.09661725163459778,
        "y": 0.3518694043159485,
        "z": -0.5236465334892273
      },
      "rotation": {
        "x": 0.7000516057014465,
        "y": -0.0667143166065216,
        "z": -0.07747577130794525,
        "w": 0.7067350745201111
      },
      "scale": {
        "x": 0.05000000074505806,
        "y": 0.10000000149011612,
        "z": 0.05000000074505806
      },
      "markerSpawnType": 0,
      "markerType": 0
    },
    {
      "id": "6c295b24-f841-4ef2-9bf3-a98e051d5347",
      "prefabID": 10101,
      "dropItemID": 10101,
      "acquireStep": 6,
      "removeStep": 4,
      "position": {
        "x": -1.1760494709014893,
        "y": 0.38680702447891238,
        "z": -0.9071740508079529
      },
      "rotation": {
        "x": 0.6057239770889282,
        "y": -0.3523615300655365,
        "z": -0.3594067692756653,
        "w": 0.616252064704895
      },
      "scale": {
        "x": 0.05000000074505806,
        "y": 0.10000000149011612,
        "z": 0.05000000074505806
      },
      "markerSpawnType": 0,
      "markerType": 1
    }
  ]
}