{
  "markerDatas": [
    {
      "id": "e94ddcf4-dcfe-4a6e-b0de-2ed2b2b56f7d",
      "prefabID": 10101,
      "dropItemID": 10101,
      "acquireStep": 0,
      "removeStep": 0,
      "position": {
        "x": 1.9926624298095704,
        "y": 3.2977163791656496,
        "z": -0.09577298164367676
      },
      "rotation": {
        "x": 0.4733799993991852,
        "y": 0.5296704173088074,
        "z": 0.5368257761001587,
        "w": 0.4551689326763153
      },
      "scale": {
        "x": 0.05000000074505806,
        "y": 0.10000000149011612,
        "z": 0.05000000074505806
      },
      "markerSpawnType": 0,
      "markerType": 0
    },
    {
      "id": "2ab66a76-08f1-43d0-87c9-06aebb7c1993",
      "prefabID": 10101,
      "dropItemID": 1,
      "acquireStep": 0,
      "removeStep": 0,
      "position": {
        "x": 1.823995590209961,
        "y": 3.629635810852051,
        "z": 0.08602714538574219
      },
      "rotation": {
        "x": 0.3629007637500763,
        "y": -0.5973730087280273,
        "z": -0.6169065237045288,
        "w": 0.3617664575576782
      },
      "scale": {
        "x": 0.05000000074505806,
        "y": 0.10000000149011612,
        "z": 0.05000000074505806
      },
      "markerSpawnType": 1,
      "markerType": 0
    },
    {
      "id": "7525ce7e-4364-4ef3-828e-de21e0eeb285",
      "prefabID": 10103,
      "dropItemID": 1,
      "acquireStep": 0,
      "removeStep": 0,
      "position": {
        "x": 0.12379288673400879,
        "y": -3.344148635864258,
        "z": -0.06810832023620606
      },
      "rotation": {
        "x": 0.7025289535522461,
        "y": 0.14226749539375306,
        "z": 0.13683441281318665,
        "w": 0.6837320327758789
      },
      "scale": {
        "x": 0.05000000074505806,
        "y": 0.10000000149011612,
        "z": 0.05000000074505806
      },
      "markerSpawnType": 0,
      "markerType": 3
    }
  ]
}
